id,name,model_id:id,group_id:id,perm_read,perm_write,perm_create,perm_unlink
access_bf_rule_template_user,boss.forge.rule.template user,model_boss_forge_rule_template,hr_recruitment.group_hr_recruitment_user,1,1,1,0
access_bf_rule_template_manager,boss.forge.rule.template manager,model_boss_forge_rule_template,hr_recruitment.group_hr_recruitment_manager,1,1,1,1
access_bf_rule_set_user,boss.forge.rule.set user,model_boss_forge_rule_set,hr_recruitment.group_hr_recruitment_user,1,1,1,0
access_bf_rule_set_manager,boss.forge.rule.set manager,model_boss_forge_rule_set,hr_recruitment.group_hr_recruitment_manager,1,1,1,1
access_bf_rule_version_user,boss.forge.rule.version user,model_boss_forge_rule_version,hr_recruitment.group_hr_recruitment_user,1,1,1,0
access_bf_rule_version_manager,boss.forge.rule.version manager,model_boss_forge_rule_version,hr_recruitment.group_hr_recruitment_manager,1,1,1,1
access_bf_capability_user,boss.forge.capability user,model_boss_forge_capability,hr_recruitment.group_hr_recruitment_user,1,0,0,0
access_bf_capability_manager,boss.forge.capability manager,model_boss_forge_capability,hr_recruitment.group_hr_recruitment_manager,1,1,1,1
access_bf_capability_alias_user,boss.forge.capability.alias user,model_boss_forge_capability_alias,hr_recruitment.group_hr_recruitment_user,1,0,0,0
access_bf_capability_alias_manager,boss.forge.capability.alias manager,model_boss_forge_capability_alias,hr_recruitment.group_hr_recruitment_manager,1,1,1,1
access_bf_institution_category_user,boss.forge.institution.category user,model_boss_forge_institution_category,hr_recruitment.group_hr_recruitment_user,1,0,0,0
access_bf_institution_category_manager,boss.forge.institution.category manager,model_boss_forge_institution_category,hr_recruitment.group_hr_recruitment_manager,1,1,1,1
access_bf_institution_catalog_user,boss.forge.institution.catalog user,model_boss_forge_institution_catalog,hr_recruitment.group_hr_recruitment_user,1,0,0,0
access_bf_institution_catalog_manager,boss.forge.institution.catalog manager,model_boss_forge_institution_catalog,hr_recruitment.group_hr_recruitment_manager,1,1,1,1
access_bf_institution_user,boss.forge.institution user,model_boss_forge_institution,hr_recruitment.group_hr_recruitment_user,1,0,0,0
access_bf_institution_manager,boss.forge.institution manager,model_boss_forge_institution,hr_recruitment.group_hr_recruitment_manager,1,1,1,1
access_bf_institution_alias_user,boss.forge.institution.alias user,model_boss_forge_institution_alias,hr_recruitment.group_hr_recruitment_user,1,0,0,0
access_bf_institution_alias_manager,boss.forge.institution.alias manager,model_boss_forge_institution_alias,hr_recruitment.group_hr_recruitment_manager,1,1,1,1
